{"cameraMode":{"drawMode":0,"name":"Shaded","section":"Shading Mode"},"sceneLighting":false,"audioPlay":false,"sceneViewState":{"m_AlwaysRefresh":false,"showFog":true,"showSkybox":false,"showFlares":true,"showImageEffects":true,"showParticleSystems":true,"showVisualEffectGraphs":true,"m_FxEnabled":true},"in2DMode":false,"pivot":{"x":0.32150840759277346,"y":1.2641851902008057,"z":-0.46710485219955447},"rotation":{"x":0.09763965755701065,"y":-0.8399530649185181,"z":0.16109222173690797,"w":0.5089792013168335},"size":0.41865527629852297,"orthographic":false}