{"cameraMode":{"drawMode":0,"name":"Shaded","section":"Shading Mode"},"sceneLighting":true,"audioPlay":false,"sceneViewState":{"m_AlwaysRefresh":false,"showFog":true,"showSkybox":true,"showFlares":true,"showImageEffects":true,"showParticleSystems":true,"showVisualEffectGraphs":true,"m_FxEnabled":true},"in2DMode":false,"pivot":{"x":-1.2213754653930665,"y":-1.1057989597320557,"z":0.03446413204073906},"rotation":{"x":-0.1987849771976471,"y":0.7926906943321228,"z":-0.3371070623397827,"w":-0.4674326479434967},"size":1.4570543766021729,"orthographic":false}